{
  "Component-dbg.js": 1700749807480,
  "test/testsuite.qunit.js": 1700749807672,
  "test/integration/pages/RisksList.js": 1700749807796,
  "test/integration/opaTests.qunit.js": 1700749807732,
  "test/integration/FirstJourney.js": 1700749807900,
  "test/integration/pages/RisksObjectPage.js": 1700749807796,
  "xs-app.json": 1700827619539,
  "manifest.json": 1700827619547,
  "Component.js": 1700749807480,
  "i18n/i18n.properties": 1700749901827,
  "Component.js.map": 1700827631747,
  "test/integration/pages/RisksList-dbg.js": 1700749807796,
  "test/integration/pages/RisksList.js.map": 1700827631749,
  "test/integration/opaTests.qunit-dbg.js": 1700749807732,
  "test/integration/opaTests.qunit.js.map": 1700827631749,
  "test/integration/FirstJourney-dbg.js": 1700749807900,
  "test/integration/FirstJourney.js.map": 1700827631757,
  "test/integration/pages/RisksObjectPage-dbg.js": 1700749807796,
  "test/integration/pages/RisksObjectPage.js.map": 1700827631752,
  "test/testsuite.qunit-dbg.js": 1700749807672,
  "test/testsuite.qunit.js.map": 1700827631754,
  "Component-preload.js": 1700827631893,
  "Component-preload.js.map": 1700827631893,
  "test/integration/opaTests.qunit.html": 1700749807696,
  "test/testsuite.qunit.html": 1700749807676,
  "test/flpSandbox.html": 1700749807668,
  "localService/metadata.xml": 1700749807656,
  "index.html": 1700749807504
}