{
  "test/integration/pages/RisksObjectPage-dbg.js": 1700749807796,
  "test/testsuite.qunit.js": 1700749807672,
  "test/integration/pages/RisksList.js": 1700749807796,
  "test/integration/opaTests.qunit.js": 1700749807732,
  "test/integration/FirstJourney.js": 1700749807900,
  "test/integration/pages/RisksObjectPage.js": 1700749807796,
  "xs-app.json": 1700818806305,
  "manifest.json": 1700818806305,
  "Component.js": 1700749807480,
  "test/testsuite.qunit-dbg.js": 1700749807672,
  "test/testsuite.qunit.js.map": 1700818821476,
  "test/integration/pages/RisksList-dbg.js": 1700749807796,
  "test/integration/pages/RisksList.js.map": 1700818821542,
  "test/integration/opaTests.qunit-dbg.js": 1700749807732,
  "test/integration/opaTests.qunit.js.map": 1700818821503,
  "test/integration/FirstJourney-dbg.js": 1700749807900,
  "test/integration/FirstJourney.js.map": 1700818821490,
  "i18n/i18n.properties": 1700749901827,
  "test/integration/pages/RisksObjectPage.js.map": 1700818821486,
  "Component-dbg.js": 1700749807480,
  "Component.js.map": 1700818821490,
  "Component-preload.js": 1700818821665,
  "Component-preload.js.map": 1700818821665,
  "test/integration/opaTests.qunit.html": 1700749807696,
  "test/testsuite.qunit.html": 1700749807676,
  "test/flpSandbox.html": 1700749807668,
  "localService/metadata.xml": 1700749807656,
  "index.html": 1700749807504
}